{
  "version": "1.0",
  "defaultProvider": "cdnjs",
  "defaultDestination": "wwwroot/js/",
  "libraries": [
    {
      "library": "jquery@3.7.1",
      "files": [
        "jquery.min.js"
      ]
    },
    {
      "library": "jquery-ajax-unobtrusive@3.2.6",
      "files": [
        "jquery.unobtrusive-ajax.min.js"
      ]
    },
    {
      "library": "jquery-validate@1.21.0",
      "files": [
        "jquery.validate.min.js"
      ]
    },
    {
      "library": "jquery-validation-unobtrusive@4.0.0",
      "files": [
        "jquery.validate.unobtrusive.min.js"
      ]
    }
  ]
}
